content_url,term,engagement rate,content_type,content_id
https://giphy.com/gifs/njz9uAMxHocPUZ3rVY,persistence,0.00,GIF,njz9uAMxHocPUZ3rVY
https://giphy.com/gifs/6aJQuulK7m9Zaoz40L,branding,0.00,GIF,6aJQuulK7m9Zaoz40L
https://giphy.com/gifs/klgSykRa1XWpzfUo6c,cannabis,0.21,GIF,klgSykRa1XWpzfUo6c
https://giphy.com/gifs/xpGxI2ZxzsiGTiarAg,develop,0.00,GIF,xpGxI2ZxzsiGTiarAg
https://giphy.com/gifs/rtCZKy6OxLpKGO7DBz,pr,0.00,GIF,rtCZKy6OxLpKGO7DBz
https://giphy.com/gifs/PhhtBQgWmBcPYyhKjE,flic,0.00,GIF,PhhtBQgWmBcPYyhKjE
https://giphy.com/gifs/rYUqar1Ec8xUxeIuJi,source,0.00,GIF,rYUqar1Ec8xUxeIuJi
https://giphy.com/gifs/6iBxNUvZrKMtrsw55L,tray,0.49,GIF,6iBxNUvZrKMtrsw55L
https://giphy.com/gifs/6iBxNUvZrKMtrsw55L,blunt,0.00,GIF,6iBxNUvZrKMtrsw55L
https://giphy.com/gifs/6iBxNUvZrKMtrsw55L,cigars,0.00,GIF,6iBxNUvZrKMtrsw55L
https://giphy.com/gifs/6iBxNUvZrKMtrsw55L,cannabis,0.00,GIF,6iBxNUvZrKMtrsw55L
https://giphy.com/gifs/uiwVDRjFKJEN0TRnJg,process,0.00,GIF,uiwVDRjFKJEN0TRnJg
https://giphy.com/gifs/uiwVDRjFKJEN0TRnJg,development,0.00,GIF,uiwVDRjFKJEN0TRnJg
https://giphy.com/gifs/853p3JhxWvtX0xQhRn,nicotine,0.39,GIF,853p3JhxWvtX0xQhRn
https://giphy.com/gifs/853p3JhxWvtX0xQhRn,puff,0.30,GIF,853p3JhxWvtX0xQhRn
https://giphy.com/gifs/853p3JhxWvtX0xQhRn,vaping,0.00,GIF,853p3JhxWvtX0xQhRn
https://giphy.com/gifs/Ky5ZGWVXYGz6ZmodKO,zona,0.87,GIF,Ky5ZGWVXYGz6ZmodKO
https://giphy.com/gifs/3bXSswmHBH2xXVpDgn,online studio,100.00,GIF,3bXSswmHBH2xXVpDgn
https://giphy.com/gifs/3bXSswmHBH2xXVpDgn,persist ventures,100.00,GIF,3bXSswmHBH2xXVpDgn
https://giphy.com/gifs/3bXSswmHBH2xXVpDgn,persistent values,100.00,GIF,3bXSswmHBH2xXVpDgn
https://giphy.com/gifs/3bXSswmHBH2xXVpDgn,ppc campaign,100.00,GIF,3bXSswmHBH2xXVpDgn
https://giphy.com/gifs/3bXSswmHBH2xXVpDgn,uiux design,100.00,GIF,3bXSswmHBH2xXVpDgn
https://giphy.com/gifs/3bXSswmHBH2xXVpDgn,venturing forward,100.00,GIF,3bXSswmHBH2xXVpDgn
https://giphy.com/gifs/3bXSswmHBH2xXVpDgn,content writing,99.75,GIF,3bXSswmHBH2xXVpDgn
https://giphy.com/gifs/3bXSswmHBH2xXVpDgn,ventures,99.75,GIF,3bXSswmHBH2xXVpDgn
https://giphy.com/gifs/3bXSswmHBH2xXVpDgn,e commerce,94.29,GIF,3bXSswmHBH2xXVpDgn
https://giphy.com/gifs/3bXSswmHBH2xXVpDgn,persistent,60.47,GIF,3bXSswmHBH2xXVpDgn
https://giphy.com/gifs/mhtcIHehiIX89pvzqA,opportunity,1.56,GIF,mhtcIHehiIX89pvzqA
https://giphy.com/gifs/mhtcIHehiIX89pvzqA,stud,0.00,GIF,mhtcIHehiIX89pvzqA
https://giphy.com/gifs/ocoEZCX4E5Yic8pcA7,source,0.00,GIF,ocoEZCX4E5Yic8pcA7
https://giphy.com/gifs/WG66KksPH65sFeQvZh,hanger,2.51,GIF,WG66KksPH65sFeQvZh
https://giphy.com/gifs/dI3Su8Rg7fB2EZeDjn,shop,0.54,GIF,dI3Su8Rg7fB2EZeDjn
https://giphy.com/gifs/dI3Su8Rg7fB2EZeDjn,brand,0.00,GIF,dI3Su8Rg7fB2EZeDjn
https://giphy.com/gifs/dI3Su8Rg7fB2EZeDjn,online,0.00,GIF,dI3Su8Rg7fB2EZeDjn
https://giphy.com/gifs/yLea6K1szAt23sQzl4,analysis,0.12,GIF,yLea6K1szAt23sQzl4
https://giphy.com/gifs/yLea6K1szAt23sQzl4,regulators,0.00,GIF,yLea6K1szAt23sQzl4
https://giphy.com/gifs/dCD9oVOzwexXiQYRGY,relations,0.00,GIF,dCD9oVOzwexXiQYRGY
https://giphy.com/gifs/eg4dBeFe6Qkv0y19yF,application,0.24,GIF,eg4dBeFe6Qkv0y19yF
https://giphy.com/gifs/eg4dBeFe6Qkv0y19yF,expertise,0.00,GIF,eg4dBeFe6Qkv0y19yF
https://giphy.com/gifs/9S39nGeHfRgZdGN35l,regulators,0.40,GIF,9S39nGeHfRgZdGN35l
https://giphy.com/gifs/9S39nGeHfRgZdGN35l,donation,0.32,GIF,9S39nGeHfRgZdGN35l
https://giphy.com/gifs/9S39nGeHfRgZdGN35l,testing,0.00,GIF,9S39nGeHfRgZdGN35l
https://giphy.com/gifs/8C659t1uP1iduPlYIQ,welfare,0.00,GIF,8C659t1uP1iduPlYIQ
https://giphy.com/gifs/mK9lwiE1MA1F0xND76,charitable wallet,100.00,GIF,mK9lwiE1MA1F0xND76
https://giphy.com/gifs/mK9lwiE1MA1F0xND76,blockchangegroup,100.00,GIF,mK9lwiE1MA1F0xND76
https://giphy.com/gifs/VRyzU4B2pOpSMUVA5w,landed,0.00,GIF,VRyzU4B2pOpSMUVA5w
https://giphy.com/gifs/cD9S3cfbmPefkkhum7,starter,0.00,GIF,cD9S3cfbmPefkkhum7
https://giphy.com/gifs/Ot5eaTfqY2g6GKkQCa,process,0.00,GIF,Ot5eaTfqY2g6GKkQCa
https://giphy.com/gifs/Ot5eaTfqY2g6GKkQCa,develop,0.00,GIF,Ot5eaTfqY2g6GKkQCa
https://giphy.com/gifs/Ot5eaTfqY2g6GKkQCa,development,0.00,GIF,Ot5eaTfqY2g6GKkQCa
https://giphy.com/gifs/3WIZ165aIYNZ8yreUb,savetheworld,100.00,GIF,3WIZ165aIYNZ8yreUb
https://giphy.com/gifs/3WIZ165aIYNZ8yreUb,shelterhumanity,100.00,GIF,3WIZ165aIYNZ8yreUb
https://giphy.com/gifs/3WIZ165aIYNZ8yreUb,cryptotrading,100.00,GIF,3WIZ165aIYNZ8yreUb
https://giphy.com/gifs/3WIZ165aIYNZ8yreUb,sheltercoins,100.00,GIF,3WIZ165aIYNZ8yreUb
https://giphy.com/gifs/3WIZ165aIYNZ8yreUb,sheltercrypto,100.00,GIF,3WIZ165aIYNZ8yreUb
https://giphy.com/gifs/3WIZ165aIYNZ8yreUb,shelternft,100.00,GIF,3WIZ165aIYNZ8yreUb
https://giphy.com/gifs/3WIZ165aIYNZ8yreUb,shelter,0.00,GIF,3WIZ165aIYNZ8yreUb
https://giphy.com/gifs/3WIZ165aIYNZ8yreUb,humanity,0.00,GIF,3WIZ165aIYNZ8yreUb
https://giphy.com/gifs/KbL3srshNoJjrD2TjC,flic,0.18,GIF,KbL3srshNoJjrD2TjC
https://giphy.com/gifs/b2KXdttshdulDiIyr5,strain,0.00,GIF,b2KXdttshdulDiIyr5
https://giphy.com/gifs/b2KXdttshdulDiIyr5,subscription,0.00,GIF,b2KXdttshdulDiIyr5
https://giphy.com/gifs/ftytEGAySQ4exyXX5i,dev,0.08,GIF,ftytEGAySQ4exyXX5i
https://giphy.com/gifs/h4Z7OnzH9Ulzr26wjr,update,0.00,GIF,h4Z7OnzH9Ulzr26wjr
https://giphy.com/gifs/Sq77TQglAaLg1i8qDw,dao,0.00,GIF,Sq77TQglAaLg1i8qDw
https://giphy.com/gifs/Sq77TQglAaLg1i8qDw,organisation,0.00,GIF,Sq77TQglAaLg1i8qDw
https://giphy.com/gifs/SrM48HdmJVElMGvcgV,digitalstudio,100.00,GIF,SrM48HdmJVElMGvcgV
https://giphy.com/gifs/SrM48HdmJVElMGvcgV,webbusiness,100.00,GIF,SrM48HdmJVElMGvcgV
https://giphy.com/gifs/SrM48HdmJVElMGvcgV,webservice,100.00,GIF,SrM48HdmJVElMGvcgV
https://giphy.com/gifs/SrM48HdmJVElMGvcgV,web3stud,100.00,GIF,SrM48HdmJVElMGvcgV
https://giphy.com/gifs/SrM48HdmJVElMGvcgV,webdevelopment,100.00,GIF,SrM48HdmJVElMGvcgV
https://giphy.com/gifs/SrM48HdmJVElMGvcgV,websites,100.00,GIF,SrM48HdmJVElMGvcgV
https://giphy.com/gifs/SrM48HdmJVElMGvcgV,wedesign,100.00,GIF,SrM48HdmJVElMGvcgV
https://giphy.com/gifs/hQtCaPaWLB2tQCM0m9,ads,0.32,GIF,hQtCaPaWLB2tQCM0m9
https://giphy.com/gifs/hQtCaPaWLB2tQCM0m9,product,0.00,GIF,hQtCaPaWLB2tQCM0m9
https://giphy.com/gifs/vizRuXV0LeKKh1OKtC,neverending,0.33,GIF,vizRuXV0LeKKh1OKtC
https://giphy.com/gifs/vizRuXV0LeKKh1OKtC,postive,0.13,GIF,vizRuXV0LeKKh1OKtC
https://giphy.com/gifs/vizRuXV0LeKKh1OKtC,philosophy,0.00,GIF,vizRuXV0LeKKh1OKtC
https://giphy.com/gifs/vizRuXV0LeKKh1OKtC,philosophical,0.00,GIF,vizRuXV0LeKKh1OKtC
https://giphy.com/gifs/vi0M1tEGCT5kECh36E,dao,0.00,GIF,vi0M1tEGCT5kECh36E
https://giphy.com/gifs/ApPEf7mktTnqhfhA8Q,insurance,0.00,GIF,ApPEf7mktTnqhfhA8Q
https://giphy.com/gifs/G5m4cgrgexxKRuzNNV,swap,0.05,GIF,G5m4cgrgexxKRuzNNV
https://giphy.com/gifs/PfreniiETTezPxWyyR,website,0.00,GIF,PfreniiETTezPxWyyR
https://giphy.com/gifs/i5pydxvTOrPVN08kKF,hemp,0.00,GIF,i5pydxvTOrPVN08kKF
https://giphy.com/gifs/VI5PolUR0eMs3PvBWK,vape,0.98,GIF,VI5PolUR0eMs3PvBWK
https://giphy.com/gifs/RV8JWVE4AgGZDX5thL,address,0.75,GIF,RV8JWVE4AgGZDX5thL
https://giphy.com/gifs/TpXVHVzdVzcoLoeo1m,cloth,0.00,GIF,TpXVHVzdVzcoLoeo1m
https://giphy.com/gifs/bRL4coK4YRdugl6tmi,website,0.00,GIF,bRL4coK4YRdugl6tmi
https://giphy.com/gifs/rTxVelIunWEWzB5pqU,stud,0.00,GIF,rTxVelIunWEWzB5pqU
https://giphy.com/gifs/rTxVelIunWEWzB5pqU,setting,0.00,GIF,rTxVelIunWEWzB5pqU
https://giphy.com/gifs/F5wHkEiQSPqcjLHH6r,paypal,0.20,GIF,F5wHkEiQSPqcjLHH6r
https://giphy.com/gifs/SknDMfLlK4Km5CWFMj,paypal,0.08,GIF,SknDMfLlK4Km5CWFMj
https://giphy.com/gifs/SknDMfLlK4Km5CWFMj,convenient,0.00,GIF,SknDMfLlK4Km5CWFMj
https://giphy.com/gifs/SknDMfLlK4Km5CWFMj,exchange,0.00,GIF,SknDMfLlK4Km5CWFMj
https://giphy.com/gifs/XA0McWoIiwleGmMgs6,onlyfans,0.62,GIF,XA0McWoIiwleGmMgs6
https://giphy.com/gifs/XA0McWoIiwleGmMgs6,adult,0.25,GIF,XA0McWoIiwleGmMgs6
https://giphy.com/gifs/XA0McWoIiwleGmMgs6,dimes,0.00,GIF,XA0McWoIiwleGmMgs6
https://giphy.com/gifs/yPvCYFUXSXAgSoG6MH,attentionspan,100.00,GIF,yPvCYFUXSXAgSoG6MH
https://giphy.com/gifs/yPvCYFUXSXAgSoG6MH,newsocial,100.00,GIF,yPvCYFUXSXAgSoG6MH
https://giphy.com/gifs/yPvCYFUXSXAgSoG6MH,web30,100.00,GIF,yPvCYFUXSXAgSoG6MH
https://giphy.com/gifs/yPvCYFUXSXAgSoG6MH,web3internet,100.00,GIF,yPvCYFUXSXAgSoG6MH
https://giphy.com/gifs/yPvCYFUXSXAgSoG6MH,cryptosocial,100.00,GIF,yPvCYFUXSXAgSoG6MH
https://giphy.com/gifs/yPvCYFUXSXAgSoG6MH,increasing,100.00,GIF,yPvCYFUXSXAgSoG6MH
https://giphy.com/gifs/yPvCYFUXSXAgSoG6MH,longvertical,100.00,GIF,yPvCYFUXSXAgSoG6MH
https://giphy.com/gifs/yPvCYFUXSXAgSoG6MH,watchflic,100.00,GIF,yPvCYFUXSXAgSoG6MH
https://giphy.com/gifs/yPvCYFUXSXAgSoG6MH,web3social,100.00,GIF,yPvCYFUXSXAgSoG6MH
https://giphy.com/gifs/yPvCYFUXSXAgSoG6MH,flic,82.68,GIF,yPvCYFUXSXAgSoG6MH
https://giphy.com/gifs/BYwvfx0lufY4UmLhX4,strain,0.00,GIF,BYwvfx0lufY4UmLhX4
https://giphy.com/gifs/BYwvfx0lufY4UmLhX4,monthly,0.00,GIF,BYwvfx0lufY4UmLhX4
https://giphy.com/gifs/BYwvfx0lufY4UmLhX4,website,0.00,GIF,BYwvfx0lufY4UmLhX4
https://giphy.com/gifs/M3m5RplCoZP0UTGAP3,hanger,1.99,GIF,M3m5RplCoZP0UTGAP3
https://giphy.com/gifs/M3m5RplCoZP0UTGAP3,cloth,0.00,GIF,M3m5RplCoZP0UTGAP3
https://giphy.com/gifs/BfuuZIFn6haXs7P0zK,welfare,0.00,GIF,BfuuZIFn6haXs7P0zK
https://giphy.com/gifs/PQ2j7e9JYHCrzR84P8,shroom,1.12,GIF,PQ2j7e9JYHCrzR84P8
https://giphy.com/gifs/PQ2j7e9JYHCrzR84P8,product,0.00,GIF,PQ2j7e9JYHCrzR84P8
https://giphy.com/gifs/herrfvq8NTFigTlOgq,cannabis,0.00,GIF,herrfvq8NTFigTlOgq
https://giphy.com/gifs/herrfvq8NTFigTlOgq,swap,0.00,GIF,herrfvq8NTFigTlOgq
https://giphy.com/gifs/LWYw7jIORDGWpjEqMX,nonporfit,100.00,GIF,LWYw7jIORDGWpjEqMX
https://giphy.com/gifs/LWYw7jIORDGWpjEqMX,savepeople,100.00,GIF,LWYw7jIORDGWpjEqMX
https://giphy.com/gifs/LWYw7jIORDGWpjEqMX,saveworld,100.00,GIF,LWYw7jIORDGWpjEqMX
https://giphy.com/gifs/LWYw7jIORDGWpjEqMX,shelterfoundation,100.00,GIF,LWYw7jIORDGWpjEqMX
https://giphy.com/gifs/LWYw7jIORDGWpjEqMX,shelternft,100.00,GIF,LWYw7jIORDGWpjEqMX
https://giphy.com/gifs/LWYw7jIORDGWpjEqMX,cryptoforcause,100.00,GIF,LWYw7jIORDGWpjEqMX
https://giphy.com/gifs/LWYw7jIORDGWpjEqMX,eradicatepoverty,100.00,GIF,LWYw7jIORDGWpjEqMX
https://giphy.com/gifs/LWYw7jIORDGWpjEqMX,helpingpoor,100.00,GIF,LWYw7jIORDGWpjEqMX
https://giphy.com/gifs/LWYw7jIORDGWpjEqMX,sheltercrypto,100.00,GIF,LWYw7jIORDGWpjEqMX
https://giphy.com/gifs/LWYw7jIORDGWpjEqMX,poverty,0.00,GIF,LWYw7jIORDGWpjEqMX
https://giphy.com/gifs/no2xjdDPjbquJBfsbe,stud,0.00,GIF,no2xjdDPjbquJBfsbe
https://giphy.com/gifs/Az0cKp148eJnaqOKsX,application,0.00,GIF,Az0cKp148eJnaqOKsX
https://giphy.com/gifs/o3HQj7pM7oOuMLXQ0U,organisation,0.00,GIF,o3HQj7pM7oOuMLXQ0U
https://giphy.com/gifs/tIbAzRUODpK91qCjxW,desthless,100.00,GIF,tIbAzRUODpK91qCjxW
https://giphy.com/gifs/tIbAzRUODpK91qCjxW,contribute,87.53,GIF,tIbAzRUODpK91qCjxW
https://giphy.com/gifs/tIbAzRUODpK91qCjxW,to,0.02,GIF,tIbAzRUODpK91qCjxW
https://giphy.com/gifs/UWWEMERMTD42NZ46Ap,premium,0.00,GIF,UWWEMERMTD42NZ46Ap
https://giphy.com/gifs/CoDI8YMP4cbdXxUU9h,built,0.00,GIF,CoDI8YMP4cbdXxUU9h
https://giphy.com/gifs/CoDI8YMP4cbdXxUU9h,humanity,0.00,GIF,CoDI8YMP4cbdXxUU9h
https://giphy.com/gifs/OmoRDFcSqsojOjiQLa,organisation,1.01,GIF,OmoRDFcSqsojOjiQLa
https://giphy.com/gifs/OmoRDFcSqsojOjiQLa,org,0.05,GIF,OmoRDFcSqsojOjiQLa
https://giphy.com/gifs/OmoRDFcSqsojOjiQLa,dow,0.00,GIF,OmoRDFcSqsojOjiQLa
https://giphy.com/gifs/CDozOrNYU2MhCQGJaT,latest,0.00,GIF,CDozOrNYU2MhCQGJaT
https://giphy.com/gifs/CDozOrNYU2MhCQGJaT,trend,0.00,GIF,CDozOrNYU2MhCQGJaT
https://giphy.com/gifs/XP62x8a19UDet6oPqy,analysis,0.10,GIF,XP62x8a19UDet6oPqy
https://giphy.com/gifs/XP62x8a19UDet6oPqy,org,0.00,GIF,XP62x8a19UDet6oPqy
https://giphy.com/gifs/XP62x8a19UDet6oPqy,organisation,0.00,GIF,XP62x8a19UDet6oPqy
https://giphy.com/gifs/GMQwZ3LXrxFB9BsWTE,org,0.04,GIF,GMQwZ3LXrxFB9BsWTE
https://giphy.com/gifs/GMQwZ3LXrxFB9BsWTE,mentor,0.00,GIF,GMQwZ3LXrxFB9BsWTE
https://giphy.com/gifs/GMQwZ3LXrxFB9BsWTE,organisation,0.00,GIF,GMQwZ3LXrxFB9BsWTE
https://giphy.com/gifs/GMQwZ3LXrxFB9BsWTE,achieve,0.00,GIF,GMQwZ3LXrxFB9BsWTE
https://giphy.com/gifs/GMQwZ3LXrxFB9BsWTE,advise,0.00,GIF,GMQwZ3LXrxFB9BsWTE
https://giphy.com/gifs/tv8IsnfTckIiPHBFx4,quality,0.00,GIF,tv8IsnfTckIiPHBFx4
https://giphy.com/gifs/G7rL0LMx9YA5NH9hUF,stud,0.00,GIF,G7rL0LMx9YA5NH9hUF
https://giphy.com/gifs/G7rL0LMx9YA5NH9hUF,capital,0.00,GIF,G7rL0LMx9YA5NH9hUF
https://giphy.com/gifs/k7uYCNE3nu9VkbbbAt,toasted,4.35,GIF,k7uYCNE3nu9VkbbbAt
https://giphy.com/gifs/k7uYCNE3nu9VkbbbAt,quality,0.63,GIF,k7uYCNE3nu9VkbbbAt
https://giphy.com/gifs/F6bL9vPBHdug8c6T5c,lasthumansleft,100.00,GIF,F6bL9vPBHdug8c6T5c
https://giphy.com/gifs/F6bL9vPBHdug8c6T5c,nodeath,100.00,GIF,F6bL9vPBHdug8c6T5c
https://giphy.com/gifs/F6bL9vPBHdug8c6T5c,stopdie,100.00,GIF,F6bL9vPBHdug8c6T5c
https://giphy.com/gifs/F6bL9vPBHdug8c6T5c,deathless,100.00,GIF,F6bL9vPBHdug8c6T5c
https://giphy.com/gifs/F6bL9vPBHdug8c6T5c,goingtodie,100.00,GIF,F6bL9vPBHdug8c6T5c
https://giphy.com/gifs/F6bL9vPBHdug8c6T5c,immortal,17.81,GIF,F6bL9vPBHdug8c6T5c
https://giphy.com/gifs/Vi6Eissa8m3DSg1nO5,corporate,0.18,GIF,Vi6Eissa8m3DSg1nO5
https://giphy.com/gifs/hXJzXsA0CJXrSTDnTu,shroom,0.00,GIF,hXJzXsA0CJXrSTDnTu
https://giphy.com/gifs/CNkDhzWHGf1To19uJW,built,0.00,GIF,CNkDhzWHGf1To19uJW
https://giphy.com/gifs/o6qe741zAf92j0oChq,triller,0.12,GIF,o6qe741zAf92j0oChq
https://giphy.com/gifs/o6qe741zAf92j0oChq,analysis,0.00,GIF,o6qe741zAf92j0oChq
https://giphy.com/gifs/u8bRxWa4yTGBcjuDcm,s,0.05,GIF,u8bRxWa4yTGBcjuDcm
https://giphy.com/gifs/u8bRxWa4yTGBcjuDcm,for,0.02,GIF,u8bRxWa4yTGBcjuDcm
https://giphy.com/gifs/u8bRxWa4yTGBcjuDcm,currency,0.00,GIF,u8bRxWa4yTGBcjuDcm
https://giphy.com/gifs/u8bRxWa4yTGBcjuDcm,humanity,0.00,GIF,u8bRxWa4yTGBcjuDcm
https://giphy.com/gifs/u8bRxWa4yTGBcjuDcm,shelter,0.00,GIF,u8bRxWa4yTGBcjuDcm
https://giphy.com/gifs/u8bRxWa4yTGBcjuDcm,token,0.00,GIF,u8bRxWa4yTGBcjuDcm
https://giphy.com/gifs/6x9CnRcX6HxrMnIluQ,pushing p,1.07,GIF,6x9CnRcX6HxrMnIluQ
https://giphy.com/gifs/6x9CnRcX6HxrMnIluQ,p,0.09,GIF,6x9CnRcX6HxrMnIluQ
https://giphy.com/gifs/6x9CnRcX6HxrMnIluQ,eternal,0.00,GIF,6x9CnRcX6HxrMnIluQ
https://giphy.com/gifs/uw58sr8ShQ47xSbNi9,pushin p,7.06,GIF,uw58sr8ShQ47xSbNi9
https://giphy.com/gifs/uw58sr8ShQ47xSbNi9,p,0.14,GIF,uw58sr8ShQ47xSbNi9
https://giphy.com/gifs/lfsBG31EpqPKxQL1Hg,moat,0.74,GIF,lfsBG31EpqPKxQL1Hg
https://giphy.com/gifs/lfsBG31EpqPKxQL1Hg,is,0.07,GIF,lfsBG31EpqPKxQL1Hg
https://giphy.com/gifs/Y7vmYpFYMHLc4KaX9m,philosophy,0.93,GIF,Y7vmYpFYMHLc4KaX9m
https://giphy.com/gifs/Y7vmYpFYMHLc4KaX9m,for,0.01,GIF,Y7vmYpFYMHLc4KaX9m
https://giphy.com/gifs/Y7vmYpFYMHLc4KaX9m,workd,0.00,GIF,Y7vmYpFYMHLc4KaX9m
https://giphy.com/gifs/CKsuRTMEjH5el5uanO,kay,0.00,GIF,CKsuRTMEjH5el5uanO
https://giphy.com/gifs/aKQsG2xIve42wTQfmC,fibonacci,4.76,GIF,aKQsG2xIve42wTQfmC
https://giphy.com/gifs/aKQsG2xIve42wTQfmC,rule,0.53,GIF,aKQsG2xIve42wTQfmC
https://giphy.com/gifs/aKQsG2xIve42wTQfmC,sequence,0.00,GIF,aKQsG2xIve42wTQfmC
https://giphy.com/gifs/nt0vI4jAHYEiLWqwb0,platform,0.00,GIF,nt0vI4jAHYEiLWqwb0
https://giphy.com/stickers/QVhWTywEr10jHOaAeQ,com,0.00,STICKER,QVhWTywEr10jHOaAeQ
https://giphy.com/gifs/UceyL7KewHvsyxxedN,that,0.00,GIF,UceyL7KewHvsyxxedN
https://giphy.com/gifs/BX6ZHHKp8uV1ClO8wa,your,0.00,GIF,BX6ZHHKp8uV1ClO8wa
https://giphy.com/gifs/BX6ZHHKp8uV1ClO8wa,last,0.00,GIF,BX6ZHHKp8uV1ClO8wa
https://giphy.com/gifs/BX6ZHHKp8uV1ClO8wa,when,0.00,GIF,BX6ZHHKp8uV1ClO8wa
https://giphy.com/gifs/tlqxCXe3mUHewHcK09,testament,0.00,GIF,tlqxCXe3mUHewHcK09
https://giphy.com/gifs/tlqxCXe3mUHewHcK09,pledge,0.00,GIF,tlqxCXe3mUHewHcK09
https://giphy.com/gifs/wCHZQKuKTsDCeaOwm9,declan,4.35,GIF,wCHZQKuKTsDCeaOwm9
https://giphy.com/gifs/wCHZQKuKTsDCeaOwm9,5th,0.00,GIF,wCHZQKuKTsDCeaOwm9
https://giphy.com/gifs/rY0dkCYbkpLKg6rQVp,lamborgini,18.25,GIF,rY0dkCYbkpLKg6rQVp
https://giphy.com/gifs/9hpEl9tpKkTnerzn1V,your,0.01,GIF,9hpEl9tpKkTnerzn1V
https://giphy.com/stickers/cLXXTWCc1F9Szxwb7f,exactly,1.02,STICKER,cLXXTWCc1F9Szxwb7f
https://giphy.com/stickers/cLXXTWCc1F9Szxwb7f,be,0.00,STICKER,cLXXTWCc1F9Szxwb7f
https://giphy.com/gifs/LsbspXAXjakfo92szS,exist,1.51,GIF,LsbspXAXjakfo92szS
https://giphy.com/gifs/LsbspXAXjakfo92szS,grim,0.00,GIF,LsbspXAXjakfo92szS
https://giphy.com/gifs/LsbspXAXjakfo92szS,reaper,0.00,GIF,LsbspXAXjakfo92szS
https://giphy.com/gifs/QrUotMwZrHsVTs2DiK,when,0.00,GIF,QrUotMwZrHsVTs2DiK
https://giphy.com/gifs/oCaOscLTp4Y0i4HAuG,com,0.01,GIF,oCaOscLTp4Y0i4HAuG
https://giphy.com/gifs/oCaOscLTp4Y0i4HAuG,orders,0.00,GIF,oCaOscLTp4Y0i4HAuG
https://giphy.com/stickers/5E5DOgsNeDhvsvfFuR,join,0.00,STICKER,5E5DOgsNeDhvsvfFuR
https://giphy.com/stickers/5E5DOgsNeDhvsvfFuR,our,0.00,STICKER,5E5DOgsNeDhvsvfFuR
https://giphy.com/gifs/H6pMl42BeX11dVkHYA,jax,0.00,GIF,H6pMl42BeX11dVkHYA
https://giphy.com/gifs/meViOZxZWqj0MDHxnp,server,0.00,GIF,meViOZxZWqj0MDHxnp
https://giphy.com/gifs/meViOZxZWqj0MDHxnp,discord,0.00,GIF,meViOZxZWqj0MDHxnp
https://giphy.com/gifs/I4l0wH3XLaoc8NOPdh,flic,0.00,GIF,I4l0wH3XLaoc8NOPdh
https://giphy.com/gifs/M4S1rdeEOtxATHz1hb,cia,0.40,GIF,M4S1rdeEOtxATHz1hb
https://giphy.com/gifs/cOTplwm55S0iOGy5S2,flic,0.00,GIF,cOTplwm55S0iOGy5S2
https://giphy.com/gifs/D8Fbi3kbgFPLoZLZcX,melatonin,0.00,GIF,D8Fbi3kbgFPLoZLZcX
https://giphy.com/gifs/D8Fbi3kbgFPLoZLZcX,puff,0.00,GIF,D8Fbi3kbgFPLoZLZcX
https://giphy.com/gifs/Og6645DGzGeKqaediY,feminine,0.00,GIF,Og6645DGzGeKqaediY
https://giphy.com/gifs/ypyr5C7xOl7xz1ujIB,platform,0.00,GIF,ypyr5C7xOl7xz1ujIB
https://giphy.com/gifs/4u22mlxJ1VET32lFB4,everywhere,0.00,GIF,4u22mlxJ1VET32lFB4
https://giphy.com/gifs/VPS6ZUGsyZOOrPSwR6,reward,0.00,GIF,VPS6ZUGsyZOOrPSwR6
https://giphy.com/gifs/xh5FBQlBMyY4WzifgM,operation,0.61,GIF,xh5FBQlBMyY4WzifgM
https://giphy.com/gifs/xh5FBQlBMyY4WzifgM,freebird,0.08,GIF,xh5FBQlBMyY4WzifgM
https://giphy.com/gifs/fU5TjOLo7b5giFOSej,pushin p,8.17,GIF,fU5TjOLo7b5giFOSej
https://giphy.com/gifs/fU5TjOLo7b5giFOSej,p,0.11,GIF,fU5TjOLo7b5giFOSej
https://giphy.com/gifs/fU5TjOLo7b5giFOSej,to,0.04,GIF,fU5TjOLo7b5giFOSej
https://giphy.com/gifs/fU5TjOLo7b5giFOSej,have,0.00,GIF,fU5TjOLo7b5giFOSej
https://giphy.com/gifs/Cyc9u14dNT740UhAKD,along,2.59,GIF,Cyc9u14dNT740UhAKD
https://giphy.com/gifs/Cyc9u14dNT740UhAKD,is,0.08,GIF,Cyc9u14dNT740UhAKD
https://giphy.com/gifs/Cyc9u14dNT740UhAKD,to,0.05,GIF,Cyc9u14dNT740UhAKD
https://giphy.com/gifs/Cyc9u14dNT740UhAKD,youll,0.00,GIF,Cyc9u14dNT740UhAKD
https://giphy.com/gifs/Cyc9u14dNT740UhAKD,opposite,0.00,GIF,Cyc9u14dNT740UhAKD
https://giphy.com/gifs/Cyc9u14dNT740UhAKD,workd,0.00,GIF,Cyc9u14dNT740UhAKD
https://giphy.com/gifs/5kzeZ9FSG8ehOgCJsw,pushin p,0.47,GIF,5kzeZ9FSG8ehOgCJsw
https://giphy.com/gifs/5kzeZ9FSG8ehOgCJsw,p,0.08,GIF,5kzeZ9FSG8ehOgCJsw
https://giphy.com/gifs/LqMPCnqHc5eCb5HqNO,happens,1.85,GIF,LqMPCnqHc5eCb5HqNO
https://giphy.com/gifs/LqMPCnqHc5eCb5HqNO,for,0.05,GIF,LqMPCnqHc5eCb5HqNO
https://giphy.com/gifs/LqMPCnqHc5eCb5HqNO,h,0.02,GIF,LqMPCnqHc5eCb5HqNO
https://giphy.com/gifs/LqMPCnqHc5eCb5HqNO,r,0.00,GIF,LqMPCnqHc5eCb5HqNO
https://giphy.com/gifs/zHRzhBcD03sIvve3iv,to,0.03,GIF,zHRzhBcD03sIvve3iv
https://giphy.com/gifs/zHRzhBcD03sIvve3iv,be,0.03,GIF,zHRzhBcD03sIvve3iv
https://giphy.com/gifs/zHRzhBcD03sIvve3iv,b,0.02,GIF,zHRzhBcD03sIvve3iv
https://giphy.com/gifs/zHRzhBcD03sIvve3iv,dao,0.00,GIF,zHRzhBcD03sIvve3iv
https://giphy.com/gifs/O8HrNQd0WmdaxXNTY0,ig,0.03,GIF,O8HrNQd0WmdaxXNTY0
https://giphy.com/gifs/O8HrNQd0WmdaxXNTY0,crop,0.00,GIF,O8HrNQd0WmdaxXNTY0
https://giphy.com/gifs/lrOc512mRiECEyfnxi,led,4.76,GIF,lrOc512mRiECEyfnxi
https://giphy.com/gifs/lrOc512mRiECEyfnxi,enigma,1.37,GIF,lrOc512mRiECEyfnxi
https://giphy.com/gifs/lrOc512mRiECEyfnxi,marshmellow,0.00,GIF,lrOc512mRiECEyfnxi
https://giphy.com/gifs/qkGFXq1Doppvnxq6WC,buying,3.08,GIF,qkGFXq1Doppvnxq6WC
https://giphy.com/gifs/qkGFXq1Doppvnxq6WC,that,0.26,GIF,qkGFXq1Doppvnxq6WC
https://giphy.com/gifs/wa8ZbkwFN8kJx7h619,for,0.11,GIF,wa8ZbkwFN8kJx7h619
https://giphy.com/gifs/wa8ZbkwFN8kJx7h619,anything,0.00,GIF,wa8ZbkwFN8kJx7h619
https://giphy.com/gifs/wa8ZbkwFN8kJx7h619,happens,0.00,GIF,wa8ZbkwFN8kJx7h619
https://giphy.com/gifs/H7pwwxG2ByxlLBp3WR,license,3.30,GIF,H7pwwxG2ByxlLBp3WR
https://giphy.com/gifs/H7pwwxG2ByxlLBp3WR,smm,0.00,GIF,H7pwwxG2ByxlLBp3WR
https://giphy.com/gifs/ByI0zk0aiYXBTsclKP,fap,2.76,GIF,ByI0zk0aiYXBTsclKP
https://giphy.com/gifs/ByI0zk0aiYXBTsclKP,anti,0.00,GIF,ByI0zk0aiYXBTsclKP
https://giphy.com/gifs/1OJURwpt3S0yg0AY9K,io,0.04,GIF,1OJURwpt3S0yg0AY9K
https://giphy.com/gifs/PfuP9RgFYZpl3S5vtP,willsmith,0.00,GIF,PfuP9RgFYZpl3S5vtP
https://giphy.com/gifs/Z9gEsKQX5kbGnzXFqS,zz,1.52,GIF,Z9gEsKQX5kbGnzXFqS
https://giphy.com/gifs/b6wbaufw1JgONVNxr0,n,0.04,GIF,b6wbaufw1JgONVNxr0
https://giphy.com/gifs/mCLftTlqYhzH6MWU9G,tm,0.08,GIF,mCLftTlqYhzH6MWU9G
https://giphy.com/gifs/LWCkKBjaX5q2AH7UMz,in,2.27,GIF,LWCkKBjaX5q2AH7UMz
https://giphy.com/gifs/hrIA3nl0G3iNeHCk0E,poll,0.24,GIF,hrIA3nl0G3iNeHCk0E
https://giphy.com/stickers/Xsa1GNRfgbqToXTi3k,discord,0.00,STICKER,Xsa1GNRfgbqToXTi3k
https://giphy.com/gifs/MgEbnXc0QDnOqDivKS,holding,0.84,GIF,MgEbnXc0QDnOqDivKS
https://giphy.com/gifs/MgEbnXc0QDnOqDivKS,io,0.51,GIF,MgEbnXc0QDnOqDivKS
https://giphy.com/gifs/VSxwJvzREVEJe4frO8,checker,4.35,GIF,VSxwJvzREVEJe4frO8
https://giphy.com/gifs/6MBfFuBeqDJGlWqpl0,tier,0.00,GIF,6MBfFuBeqDJGlWqpl0
https://giphy.com/gifs/R7UaBjJ9CeDCMkXSCN,some,0.00,GIF,R7UaBjJ9CeDCMkXSCN
https://giphy.com/gifs/R7UaBjJ9CeDCMkXSCN,melatonin,0.00,GIF,R7UaBjJ9CeDCMkXSCN
https://giphy.com/gifs/R7UaBjJ9CeDCMkXSCN,nicotine,0.00,GIF,R7UaBjJ9CeDCMkXSCN
https://giphy.com/stickers/3wragmb9kxztfjlMKI,raise,0.00,STICKER,3wragmb9kxztfjlMKI
https://giphy.com/gifs/J2wyX7umUDGOEdq1Yf,norman,0.00,GIF,J2wyX7umUDGOEdq1Yf
https://giphy.com/gifs/ZtyHXam2l7pb8PfNqi,mille,0.00,GIF,ZtyHXam2l7pb8PfNqi
https://giphy.com/gifs/WFl449DcJUsQWsyWjZ,oneil,0.00,GIF,WFl449DcJUsQWsyWjZ
https://giphy.com/gifs/7pB2ppBqEaqpTD90Px,discord,0.00,GIF,7pB2ppBqEaqpTD90Px
https://giphy.com/gifs/7pB2ppBqEaqpTD90Px,flic,0.00,GIF,7pB2ppBqEaqpTD90Px
https://giphy.com/gifs/W3AovcnKRrF1mlltaY,discord,0.00,GIF,W3AovcnKRrF1mlltaY
https://giphy.com/gifs/gvujuely6vskbBmFva,kidneys,0.00,GIF,gvujuely6vskbBmFva
https://giphy.com/gifs/pqFO3XGnlM8NSrwgoS,donation,0.00,GIF,pqFO3XGnlM8NSrwgoS
https://giphy.com/gifs/zY4eugtMh10sYeG4Jj,kidneys,0.00,GIF,zY4eugtMh10sYeG4Jj
https://giphy.com/gifs/zY4eugtMh10sYeG4Jj,discord,0.00,GIF,zY4eugtMh10sYeG4Jj
https://giphy.com/gifs/XWaBtfUjOqEjanrrim,purpose,1.83,GIF,XWaBtfUjOqEjanrrim
https://giphy.com/gifs/XWaBtfUjOqEjanrrim,meaning,0.69,GIF,XWaBtfUjOqEjanrrim
https://giphy.com/gifs/XWaBtfUjOqEjanrrim,found,0.52,GIF,XWaBtfUjOqEjanrrim
https://giphy.com/gifs/d1E5AHjxj3PyQ9Eena,melon,0.00,GIF,d1E5AHjxj3PyQ9Eena
https://giphy.com/gifs/UdZP6EabaMh6Gshi6c,flic,0.00,GIF,UdZP6EabaMh6Gshi6c
