content_url,view_count,content_type,content_id
https://giphy.com/gifs/Ia1ukB7kNJKqaG0ldv,14789,GIF,Ia1ukB7kNJKqaG0ldv
https://giphy.com/gifs/gKfzeNZQPC8Hkl2typ,4535,GIF,gKfzeNZQPC8Hkl2typ
https://giphy.com/gifs/reKGkIKe6RQRQ5MJ0M,11736,GIF,reKGkIKe6RQRQ5MJ0M
https://giphy.com/gifs/njz9uAMxHocPUZ3rVY,26000,GIF,njz9uAMxHocPUZ3rVY
https://giphy.com/gifs/hnY0J8uwfzDuS3faFp,9000,GIF,hnY0J8uwfzDuS3faFp
https://giphy.com/gifs/6aJQuulK7m9Zaoz40L,25304,GIF,6aJQuulK7m9Zaoz40L
https://giphy.com/gifs/xTboaxnqfQCUdGOm0c,11212,GIF,xTboaxnqfQCUdGOm0c
https://giphy.com/gifs/V41VS7UUvTIZ7kOCqq,2713,GIF,V41VS7UUvTIZ7kOCqq
https://giphy.com/gifs/klgSykRa1XWpzfUo6c,81152,GIF,klgSykRa1XWpzfUo6c
https://giphy.com/gifs/xpGxI2ZxzsiGTiarAg,43401,GIF,xpGxI2ZxzsiGTiarAg
https://giphy.com/gifs/rtCZKy6OxLpKGO7DBz,143791,GIF,rtCZKy6OxLpKGO7DBz
https://giphy.com/gifs/PhhtBQgWmBcPYyhKjE,24067,GIF,PhhtBQgWmBcPYyhKjE
https://giphy.com/gifs/rYUqar1Ec8xUxeIuJi,40388,GIF,rYUqar1Ec8xUxeIuJi
https://giphy.com/gifs/Hq0ueQTDAhT1bVpnM5,11575,GIF,Hq0ueQTDAhT1bVpnM5
https://giphy.com/gifs/6iBxNUvZrKMtrsw55L,33362,GIF,6iBxNUvZrKMtrsw55L
https://giphy.com/gifs/uiwVDRjFKJEN0TRnJg,27281,GIF,uiwVDRjFKJEN0TRnJg
https://giphy.com/gifs/853p3JhxWvtX0xQhRn,100086,GIF,853p3JhxWvtX0xQhRn
https://giphy.com/gifs/Ky5ZGWVXYGz6ZmodKO,10068,GIF,Ky5ZGWVXYGz6ZmodKO
https://giphy.com/gifs/p28gGf8xJOxoPxdVQK,5636,GIF,p28gGf8xJOxoPxdVQK
https://giphy.com/gifs/3bXSswmHBH2xXVpDgn,21190,GIF,3bXSswmHBH2xXVpDgn
https://giphy.com/gifs/mhtcIHehiIX89pvzqA,47175,GIF,mhtcIHehiIX89pvzqA
https://giphy.com/gifs/bFzbs7Ht7ou7GfjRz4,179463,GIF,bFzbs7Ht7ou7GfjRz4
https://giphy.com/gifs/ZuQf7Xxu9Ow1774OZh,11966,GIF,ZuQf7Xxu9Ow1774OZh
https://giphy.com/gifs/ocoEZCX4E5Yic8pcA7,56474,GIF,ocoEZCX4E5Yic8pcA7
https://giphy.com/gifs/WG66KksPH65sFeQvZh,20761,GIF,WG66KksPH65sFeQvZh
https://giphy.com/gifs/xOWQ2MbeghjK9sNUju,8453,GIF,xOWQ2MbeghjK9sNUju
https://giphy.com/gifs/YfQ4aN9OykIAahtabR,6502,GIF,YfQ4aN9OykIAahtabR
https://giphy.com/gifs/dI3Su8Rg7fB2EZeDjn,44460,GIF,dI3Su8Rg7fB2EZeDjn
https://giphy.com/gifs/k6lH67WOx6rG3rCP4q,20164,GIF,k6lH67WOx6rG3rCP4q
https://giphy.com/gifs/yLea6K1szAt23sQzl4,51666,GIF,yLea6K1szAt23sQzl4
https://giphy.com/gifs/G9FHJBNXNZ6HrljSWI,8155,GIF,G9FHJBNXNZ6HrljSWI
https://giphy.com/gifs/dCD9oVOzwexXiQYRGY,15183,GIF,dCD9oVOzwexXiQYRGY
https://giphy.com/gifs/eg4dBeFe6Qkv0y19yF,22679,GIF,eg4dBeFe6Qkv0y19yF
https://giphy.com/gifs/2KvJ8NjkNiE9X1UZTt,5163,GIF,2KvJ8NjkNiE9X1UZTt
https://giphy.com/gifs/9S39nGeHfRgZdGN35l,57682,GIF,9S39nGeHfRgZdGN35l
https://giphy.com/gifs/8C659t1uP1iduPlYIQ,37300,GIF,8C659t1uP1iduPlYIQ
https://giphy.com/gifs/mK9lwiE1MA1F0xND76,6740,GIF,mK9lwiE1MA1F0xND76
https://giphy.com/gifs/VRyzU4B2pOpSMUVA5w,77077,GIF,VRyzU4B2pOpSMUVA5w
https://giphy.com/gifs/cD9S3cfbmPefkkhum7,16127,GIF,cD9S3cfbmPefkkhum7
https://giphy.com/gifs/dFd1u5asDYyElY4viP,3284,GIF,dFd1u5asDYyElY4viP
https://giphy.com/gifs/Ot5eaTfqY2g6GKkQCa,30446,GIF,Ot5eaTfqY2g6GKkQCa
https://giphy.com/gifs/tfCgK1uYRv1FPBrwUR,11890,GIF,tfCgK1uYRv1FPBrwUR
https://giphy.com/gifs/3WIZ165aIYNZ8yreUb,30367,GIF,3WIZ165aIYNZ8yreUb
https://giphy.com/gifs/KbL3srshNoJjrD2TjC,24345,GIF,KbL3srshNoJjrD2TjC
https://giphy.com/gifs/LUGjAwFbFmMEvn1WWK,12313,GIF,LUGjAwFbFmMEvn1WWK
https://giphy.com/gifs/b2KXdttshdulDiIyr5,96057,GIF,b2KXdttshdulDiIyr5
https://giphy.com/gifs/ftytEGAySQ4exyXX5i,58639,GIF,ftytEGAySQ4exyXX5i
https://giphy.com/gifs/h4Z7OnzH9Ulzr26wjr,47035,GIF,h4Z7OnzH9Ulzr26wjr
https://giphy.com/gifs/9vHI4MSv8mKW6RId6e,14940,GIF,9vHI4MSv8mKW6RId6e
https://giphy.com/gifs/Sq77TQglAaLg1i8qDw,18611,GIF,Sq77TQglAaLg1i8qDw
https://giphy.com/gifs/mH0BC4rrcdIjClwUna,7256,GIF,mH0BC4rrcdIjClwUna
https://giphy.com/gifs/OMbUDhyjtqKAiQnRrx,14826,GIF,OMbUDhyjtqKAiQnRrx
https://giphy.com/gifs/SrM48HdmJVElMGvcgV,24122,GIF,SrM48HdmJVElMGvcgV
https://giphy.com/gifs/hQtCaPaWLB2tQCM0m9,14971,GIF,hQtCaPaWLB2tQCM0m9
https://giphy.com/gifs/vizRuXV0LeKKh1OKtC,78841,GIF,vizRuXV0LeKKh1OKtC
https://giphy.com/gifs/mxmRRJcEPntNYFmADV,5835,GIF,mxmRRJcEPntNYFmADV
https://giphy.com/gifs/vi0M1tEGCT5kECh36E,16671,GIF,vi0M1tEGCT5kECh36E
https://giphy.com/gifs/7pMNdGtnqVZ6cdzQNq,10553,GIF,7pMNdGtnqVZ6cdzQNq
https://giphy.com/gifs/k3OvBjQaXUT4tVDbL1,18333,GIF,k3OvBjQaXUT4tVDbL1
https://giphy.com/gifs/ApPEf7mktTnqhfhA8Q,13031,GIF,ApPEf7mktTnqhfhA8Q
https://giphy.com/gifs/B0wliWXymzj47AeZII,39807,GIF,B0wliWXymzj47AeZII
https://giphy.com/gifs/G5m4cgrgexxKRuzNNV,46270,GIF,G5m4cgrgexxKRuzNNV
https://giphy.com/gifs/GkKwvJhhZRI9b6IATH,42439,GIF,GkKwvJhhZRI9b6IATH
https://giphy.com/gifs/PfreniiETTezPxWyyR,18296,GIF,PfreniiETTezPxWyyR
https://giphy.com/gifs/i5pydxvTOrPVN08kKF,182272,GIF,i5pydxvTOrPVN08kKF
https://giphy.com/gifs/jbUpAlpQcsyjhu2flZ,15541,GIF,jbUpAlpQcsyjhu2flZ
https://giphy.com/gifs/OQkPEoXEeVQfzEwNVR,4570,GIF,OQkPEoXEeVQfzEwNVR
https://giphy.com/gifs/VI5PolUR0eMs3PvBWK,24633,GIF,VI5PolUR0eMs3PvBWK
https://giphy.com/gifs/acBrmmIeq4YoIx3sZx,20328,GIF,acBrmmIeq4YoIx3sZx
https://giphy.com/gifs/5AFaphVt7ZHjIfAZUe,5484,GIF,5AFaphVt7ZHjIfAZUe
https://giphy.com/gifs/RV8JWVE4AgGZDX5thL,15005,GIF,RV8JWVE4AgGZDX5thL
https://giphy.com/gifs/TpXVHVzdVzcoLoeo1m,28325,GIF,TpXVHVzdVzcoLoeo1m
https://giphy.com/gifs/bRL4coK4YRdugl6tmi,10629,GIF,bRL4coK4YRdugl6tmi
https://giphy.com/gifs/rTxVelIunWEWzB5pqU,62798,GIF,rTxVelIunWEWzB5pqU
https://giphy.com/gifs/F5wHkEiQSPqcjLHH6r,18984,GIF,F5wHkEiQSPqcjLHH6r
https://giphy.com/gifs/PhJByI7V4pZ3mmcVE1,29517,GIF,PhJByI7V4pZ3mmcVE1
https://giphy.com/gifs/SknDMfLlK4Km5CWFMj,28542,GIF,SknDMfLlK4Km5CWFMj
https://giphy.com/gifs/XA0McWoIiwleGmMgs6,83251,GIF,XA0McWoIiwleGmMgs6
https://giphy.com/gifs/yPvCYFUXSXAgSoG6MH,18080,GIF,yPvCYFUXSXAgSoG6MH
https://giphy.com/gifs/5rdyiX2aEfbT7pp9RT,9591,GIF,5rdyiX2aEfbT7pp9RT
https://giphy.com/gifs/BYwvfx0lufY4UmLhX4,15707,GIF,BYwvfx0lufY4UmLhX4
https://giphy.com/gifs/M3m5RplCoZP0UTGAP3,42193,GIF,M3m5RplCoZP0UTGAP3
https://giphy.com/gifs/lAnCUuRtwhm8m4uqGf,22586,GIF,lAnCUuRtwhm8m4uqGf
https://giphy.com/gifs/BfuuZIFn6haXs7P0zK,20962,GIF,BfuuZIFn6haXs7P0zK
https://giphy.com/gifs/PQ2j7e9JYHCrzR84P8,75302,GIF,PQ2j7e9JYHCrzR84P8
https://giphy.com/gifs/Ul6HquSzoBPMhu6xGS,18530,GIF,Ul6HquSzoBPMhu6xGS
https://giphy.com/gifs/dQL69PsLby9kHA3RIj,11183,GIF,dQL69PsLby9kHA3RIj
https://giphy.com/gifs/herrfvq8NTFigTlOgq,5893,GIF,herrfvq8NTFigTlOgq
https://giphy.com/gifs/HK1Fx0JN1KiabXHX1H,8414,GIF,HK1Fx0JN1KiabXHX1H
https://giphy.com/gifs/LWYw7jIORDGWpjEqMX,33728,GIF,LWYw7jIORDGWpjEqMX
https://giphy.com/gifs/no2xjdDPjbquJBfsbe,53793,GIF,no2xjdDPjbquJBfsbe
https://giphy.com/gifs/tVs0BAsIT03xQOix9O,7243,GIF,tVs0BAsIT03xQOix9O
https://giphy.com/gifs/Az0cKp148eJnaqOKsX,12258,GIF,Az0cKp148eJnaqOKsX
https://giphy.com/gifs/o3HQj7pM7oOuMLXQ0U,28588,GIF,o3HQj7pM7oOuMLXQ0U
https://giphy.com/gifs/YhdFjGiQxiu7nMFzOh,5453,GIF,YhdFjGiQxiu7nMFzOh
https://giphy.com/gifs/1Wjcn1tH4rVsH2pVqx,81,GIF,1Wjcn1tH4rVsH2pVqx
https://giphy.com/gifs/H6sWgxoDR6LvxAiGF8,7,GIF,H6sWgxoDR6LvxAiGF8
https://giphy.com/gifs/qxxw6B45VowcnJ5xT8,77,GIF,qxxw6B45VowcnJ5xT8
https://giphy.com/gifs/rLVenea79L3XWyFrNe,75,GIF,rLVenea79L3XWyFrNe
https://giphy.com/gifs/yyFLklo2xqClm61pmr,9,GIF,yyFLklo2xqClm61pmr
https://giphy.com/gifs/tIbAzRUODpK91qCjxW,79209,GIF,tIbAzRUODpK91qCjxW
https://giphy.com/gifs/UWWEMERMTD42NZ46Ap,33362,GIF,UWWEMERMTD42NZ46Ap
https://giphy.com/gifs/CoDI8YMP4cbdXxUU9h,913133,GIF,CoDI8YMP4cbdXxUU9h
https://giphy.com/gifs/OmoRDFcSqsojOjiQLa,153663,GIF,OmoRDFcSqsojOjiQLa
https://giphy.com/gifs/f0fjt1NL09BrnUeZWN,8449,GIF,f0fjt1NL09BrnUeZWN
https://giphy.com/gifs/CDozOrNYU2MhCQGJaT,110124,GIF,CDozOrNYU2MhCQGJaT
https://giphy.com/gifs/XP62x8a19UDet6oPqy,123928,GIF,XP62x8a19UDet6oPqy
https://giphy.com/gifs/GMQwZ3LXrxFB9BsWTE,99834,GIF,GMQwZ3LXrxFB9BsWTE
https://giphy.com/gifs/tv8IsnfTckIiPHBFx4,5404,GIF,tv8IsnfTckIiPHBFx4
https://giphy.com/gifs/G7rL0LMx9YA5NH9hUF,52097,GIF,G7rL0LMx9YA5NH9hUF
https://giphy.com/gifs/k7uYCNE3nu9VkbbbAt,25936,GIF,k7uYCNE3nu9VkbbbAt
https://giphy.com/gifs/p2Eti9iCLD0kJ0Uu0Q,2324,GIF,p2Eti9iCLD0kJ0Uu0Q
https://giphy.com/gifs/F6bL9vPBHdug8c6T5c,49379,GIF,F6bL9vPBHdug8c6T5c
https://giphy.com/gifs/OzgmYLXyIcnepa8AA3,71609,GIF,OzgmYLXyIcnepa8AA3
https://giphy.com/gifs/Vi6Eissa8m3DSg1nO5,20029,GIF,Vi6Eissa8m3DSg1nO5
https://giphy.com/gifs/hXJzXsA0CJXrSTDnTu,24276,GIF,hXJzXsA0CJXrSTDnTu
https://giphy.com/gifs/WsqUlQKRxTtnz9KXcQ,2155,GIF,WsqUlQKRxTtnz9KXcQ
https://giphy.com/gifs/BNMNB2j63N2uNA6E3i,9529,GIF,BNMNB2j63N2uNA6E3i
https://giphy.com/gifs/CNkDhzWHGf1To19uJW,35535,GIF,CNkDhzWHGf1To19uJW
https://giphy.com/gifs/EAlIgdoCfiZQedhqQt,23632,GIF,EAlIgdoCfiZQedhqQt
https://giphy.com/gifs/o6qe741zAf92j0oChq,35429,GIF,o6qe741zAf92j0oChq
https://giphy.com/stickers/S9Py1wJE0aY4725ql6,190398,STICKER,S9Py1wJE0aY4725ql6
https://giphy.com/stickers/0JsK0YXFTT5fR89Kp1,7727,STICKER,0JsK0YXFTT5fR89Kp1
https://giphy.com/gifs/u8bRxWa4yTGBcjuDcm,1035895,GIF,u8bRxWa4yTGBcjuDcm
https://giphy.com/gifs/6x9CnRcX6HxrMnIluQ,1560706,GIF,6x9CnRcX6HxrMnIluQ
https://giphy.com/gifs/uw58sr8ShQ47xSbNi9,1109279,GIF,uw58sr8ShQ47xSbNi9
https://giphy.com/gifs/lfsBG31EpqPKxQL1Hg,20786,GIF,lfsBG31EpqPKxQL1Hg
https://giphy.com/gifs/Y7vmYpFYMHLc4KaX9m,44109,GIF,Y7vmYpFYMHLc4KaX9m
https://giphy.com/gifs/CKsuRTMEjH5el5uanO,4028,GIF,CKsuRTMEjH5el5uanO
https://giphy.com/gifs/aKQsG2xIve42wTQfmC,4896,GIF,aKQsG2xIve42wTQfmC
https://giphy.com/gifs/nt0vI4jAHYEiLWqwb0,1298,GIF,nt0vI4jAHYEiLWqwb0
https://giphy.com/stickers/QVhWTywEr10jHOaAeQ,193975,STICKER,QVhWTywEr10jHOaAeQ
https://giphy.com/gifs/UceyL7KewHvsyxxedN,86718,GIF,UceyL7KewHvsyxxedN
https://giphy.com/gifs/BX6ZHHKp8uV1ClO8wa,168254,GIF,BX6ZHHKp8uV1ClO8wa
https://giphy.com/gifs/tlqxCXe3mUHewHcK09,4500,GIF,tlqxCXe3mUHewHcK09
https://giphy.com/gifs/wCHZQKuKTsDCeaOwm9,3166,GIF,wCHZQKuKTsDCeaOwm9
https://giphy.com/gifs/rY0dkCYbkpLKg6rQVp,4651,GIF,rY0dkCYbkpLKg6rQVp
https://giphy.com/gifs/9hpEl9tpKkTnerzn1V,138992,GIF,9hpEl9tpKkTnerzn1V
https://giphy.com/stickers/cLXXTWCc1F9Szxwb7f,171257,STICKER,cLXXTWCc1F9Szxwb7f
https://giphy.com/gifs/LsbspXAXjakfo92szS,12747,GIF,LsbspXAXjakfo92szS
https://giphy.com/gifs/QrUotMwZrHsVTs2DiK,71213,GIF,QrUotMwZrHsVTs2DiK
https://giphy.com/gifs/oCaOscLTp4Y0i4HAuG,103814,GIF,oCaOscLTp4Y0i4HAuG
https://giphy.com/gifs/7c9FUt1eAAXguJs0yM,4051,GIF,7c9FUt1eAAXguJs0yM
https://giphy.com/gifs/XOLXlRK0qj6y891BZS,671,GIF,XOLXlRK0qj6y891BZS
https://giphy.com/gifs/Jrx2wUkS2lcTVBhPz0,1196,GIF,Jrx2wUkS2lcTVBhPz0
https://giphy.com/stickers/5E5DOgsNeDhvsvfFuR,43953,STICKER,5E5DOgsNeDhvsvfFuR
https://giphy.com/stickers/CBKDBYJxI3UwhpcxNq,51976,STICKER,CBKDBYJxI3UwhpcxNq
https://giphy.com/gifs/H6pMl42BeX11dVkHYA,2906,GIF,H6pMl42BeX11dVkHYA
https://giphy.com/stickers/gCmAula4VMdwU2V8gi,113117,STICKER,gCmAula4VMdwU2V8gi
https://giphy.com/gifs/meViOZxZWqj0MDHxnp,5321,GIF,meViOZxZWqj0MDHxnp
https://giphy.com/gifs/I4l0wH3XLaoc8NOPdh,1719,GIF,I4l0wH3XLaoc8NOPdh
https://giphy.com/gifs/M4S1rdeEOtxATHz1hb,10561,GIF,M4S1rdeEOtxATHz1hb
https://giphy.com/gifs/d2BlLjzZifc086b8Jm,951,GIF,d2BlLjzZifc086b8Jm
https://giphy.com/stickers/jYr5sWzxupbwmaF8dH,715,STICKER,jYr5sWzxupbwmaF8dH
https://giphy.com/gifs/nV1Qh3gTg3UBvkSiyc,3736,GIF,nV1Qh3gTg3UBvkSiyc
https://giphy.com/stickers/3rJjJ5TqNpMObluVZQ,9575,STICKER,3rJjJ5TqNpMObluVZQ
https://giphy.com/gifs/C4QFZmdUJFMFugIsoT,932,GIF,C4QFZmdUJFMFugIsoT
https://giphy.com/stickers/RfAiz1dCSv0whKt0rL,9674,STICKER,RfAiz1dCSv0whKt0rL
https://giphy.com/gifs/cOTplwm55S0iOGy5S2,2588,GIF,cOTplwm55S0iOGy5S2
https://giphy.com/gifs/tJtCVp7T258Hl3rtiy,1189,GIF,tJtCVp7T258Hl3rtiy
https://giphy.com/gifs/6ZCYanEkmv9mQEmVWD,2459,GIF,6ZCYanEkmv9mQEmVWD
https://giphy.com/gifs/D8Fbi3kbgFPLoZLZcX,4035,GIF,D8Fbi3kbgFPLoZLZcX
https://giphy.com/gifs/Og6645DGzGeKqaediY,1500,GIF,Og6645DGzGeKqaediY
https://giphy.com/gifs/ypyr5C7xOl7xz1ujIB,2447,GIF,ypyr5C7xOl7xz1ujIB
https://giphy.com/stickers/6t1QYrqkacPjy1DV1a,935,STICKER,6t1QYrqkacPjy1DV1a
https://giphy.com/stickers/cRMp5RZ7SiZkNawJUc,10968,STICKER,cRMp5RZ7SiZkNawJUc
https://giphy.com/gifs/MJKpWMnMB73wtcLGyn,685,GIF,MJKpWMnMB73wtcLGyn
https://giphy.com/stickers/dQ03OXgmmPAff7AtEB,721,STICKER,dQ03OXgmmPAff7AtEB
https://giphy.com/gifs/u4kL14E1TrVFf9DMIr,417,GIF,u4kL14E1TrVFf9DMIr
https://giphy.com/gifs/4u22mlxJ1VET32lFB4,3345,GIF,4u22mlxJ1VET32lFB4
https://giphy.com/stickers/DZkHV9Zi5nBYCzXdH6,18991,STICKER,DZkHV9Zi5nBYCzXdH6
https://giphy.com/gifs/xq8Wu4xZ17P3i8oJmY,114,GIF,xq8Wu4xZ17P3i8oJmY
https://giphy.com/stickers/0QFulLWU2pWFtAsDMj,33,STICKER,0QFulLWU2pWFtAsDMj
https://giphy.com/stickers/507iLEkhqDbbi7yMuD,20,STICKER,507iLEkhqDbbi7yMuD
https://giphy.com/stickers/66VfFC27jgIJNgVoqU,19,STICKER,66VfFC27jgIJNgVoqU
https://giphy.com/stickers/6gWXygWryrox2r16CA,23,STICKER,6gWXygWryrox2r16CA
https://giphy.com/stickers/88peeOdmMwlRb0usV5,58,STICKER,88peeOdmMwlRb0usV5
https://giphy.com/stickers/AF9iuqhiRZHROapxG4,28,STICKER,AF9iuqhiRZHROapxG4
https://giphy.com/stickers/DBpJarHhxQfpE839Kf,31,STICKER,DBpJarHhxQfpE839Kf
https://giphy.com/stickers/DK4AYa0rRpHMc8WRRj,18,STICKER,DK4AYa0rRpHMc8WRRj
https://giphy.com/stickers/FMdckrNyDnjfLhCdip,15,STICKER,FMdckrNyDnjfLhCdip
https://giphy.com/stickers/GofE6KQcDBNKUfEhV8,40,STICKER,GofE6KQcDBNKUfEhV8
https://giphy.com/stickers/HDZAoVNUBcrkrA16ez,21,STICKER,HDZAoVNUBcrkrA16ez
https://giphy.com/stickers/Hh9UJ1V70x6UUi25bn,55,STICKER,Hh9UJ1V70x6UUi25bn
https://giphy.com/stickers/I78jLKcK9bH2mAu4we,79,STICKER,I78jLKcK9bH2mAu4we
https://giphy.com/stickers/IrsdI859XVzVmRV0y2,21,STICKER,IrsdI859XVzVmRV0y2
https://giphy.com/stickers/IuqwGnUb2lV3dz2pCw,94,STICKER,IuqwGnUb2lV3dz2pCw
https://giphy.com/stickers/Km88vRNNHL5nS5DMwq,30,STICKER,Km88vRNNHL5nS5DMwq
https://giphy.com/gifs/N98dzu73jQDQAzjTvT,7,GIF,N98dzu73jQDQAzjTvT
https://giphy.com/stickers/TrcKgn7331xIlU9fva,15,STICKER,TrcKgn7331xIlU9fva
https://giphy.com/stickers/VdGS2HgVBw8hFpSr2w,31,STICKER,VdGS2HgVBw8hFpSr2w
https://giphy.com/stickers/W2Ne9RNXXPC27lYT1j,16,STICKER,W2Ne9RNXXPC27lYT1j
https://giphy.com/stickers/aKcHUiuEt8R7GPIsnm,21,STICKER,aKcHUiuEt8R7GPIsnm
https://giphy.com/stickers/dq2nTxfowd2sztMCUl,54,STICKER,dq2nTxfowd2sztMCUl
https://giphy.com/stickers/eGRByiWxDhzp2eZmeh,30,STICKER,eGRByiWxDhzp2eZmeh
https://giphy.com/stickers/ii3Zc6uTtxxIwK1iJv,52,STICKER,ii3Zc6uTtxxIwK1iJv
https://giphy.com/stickers/rGzhCceTg2MdUydp8p,107,STICKER,rGzhCceTg2MdUydp8p
https://giphy.com/stickers/rtHQDB1Hu53uQG74oZ,22,STICKER,rtHQDB1Hu53uQG74oZ
https://giphy.com/stickers/vAQPHzbRHf9mlCjlRr,90,STICKER,vAQPHzbRHf9mlCjlRr
https://giphy.com/stickers/vblgN0RgCbaJ4aaGos,31,STICKER,vblgN0RgCbaJ4aaGos
https://giphy.com/gifs/VPS6ZUGsyZOOrPSwR6,20774,GIF,VPS6ZUGsyZOOrPSwR6
https://giphy.com/gifs/JVejN2PMAD5SEUA3aJ,7902,GIF,JVejN2PMAD5SEUA3aJ
https://giphy.com/gifs/xh5FBQlBMyY4WzifgM,81219,GIF,xh5FBQlBMyY4WzifgM
https://giphy.com/gifs/fU5TjOLo7b5giFOSej,2888629,GIF,fU5TjOLo7b5giFOSej
https://giphy.com/gifs/Cyc9u14dNT740UhAKD,645766,GIF,Cyc9u14dNT740UhAKD
https://giphy.com/gifs/5kzeZ9FSG8ehOgCJsw,1339776,GIF,5kzeZ9FSG8ehOgCJsw
https://giphy.com/gifs/LqMPCnqHc5eCb5HqNO,1279705,GIF,LqMPCnqHc5eCb5HqNO
https://giphy.com/gifs/zHRzhBcD03sIvve3iv,442257,GIF,zHRzhBcD03sIvve3iv
https://giphy.com/gifs/O8HrNQd0WmdaxXNTY0,25477,GIF,O8HrNQd0WmdaxXNTY0
https://giphy.com/gifs/lrOc512mRiECEyfnxi,4490,GIF,lrOc512mRiECEyfnxi
https://giphy.com/gifs/qkGFXq1Doppvnxq6WC,126839,GIF,qkGFXq1Doppvnxq6WC
https://giphy.com/gifs/wa8ZbkwFN8kJx7h619,53078,GIF,wa8ZbkwFN8kJx7h619
https://giphy.com/gifs/H7pwwxG2ByxlLBp3WR,6176,GIF,H7pwwxG2ByxlLBp3WR
https://giphy.com/gifs/eVBrnTbVW6oI7s8EYn,1726,GIF,eVBrnTbVW6oI7s8EYn
https://giphy.com/gifs/ByI0zk0aiYXBTsclKP,15045,GIF,ByI0zk0aiYXBTsclKP
https://giphy.com/gifs/1OJURwpt3S0yg0AY9K,13259,GIF,1OJURwpt3S0yg0AY9K
https://giphy.com/gifs/PfuP9RgFYZpl3S5vtP,9174,GIF,PfuP9RgFYZpl3S5vtP
https://giphy.com/gifs/X2jp3i75ndcB6GoVPj,794,GIF,X2jp3i75ndcB6GoVPj
https://giphy.com/gifs/Z9gEsKQX5kbGnzXFqS,4363,GIF,Z9gEsKQX5kbGnzXFqS
https://giphy.com/gifs/b6wbaufw1JgONVNxr0,85720,GIF,b6wbaufw1JgONVNxr0
https://giphy.com/gifs/5ccvinsKV6YTjTEKhz,12758,GIF,5ccvinsKV6YTjTEKhz
https://giphy.com/gifs/mCLftTlqYhzH6MWU9G,5869,GIF,mCLftTlqYhzH6MWU9G
https://giphy.com/gifs/ysjEO9ZIsLt2gEIxoS,962,GIF,ysjEO9ZIsLt2gEIxoS
https://giphy.com/gifs/LWCkKBjaX5q2AH7UMz,3289,GIF,LWCkKBjaX5q2AH7UMz
https://giphy.com/gifs/hrIA3nl0G3iNeHCk0E,16202,GIF,hrIA3nl0G3iNeHCk0E
https://giphy.com/stickers/Xsa1GNRfgbqToXTi3k,24957,STICKER,Xsa1GNRfgbqToXTi3k
https://giphy.com/gifs/MgEbnXc0QDnOqDivKS,4936,GIF,MgEbnXc0QDnOqDivKS
https://giphy.com/gifs/VSxwJvzREVEJe4frO8,2083,GIF,VSxwJvzREVEJe4frO8
https://giphy.com/gifs/6MBfFuBeqDJGlWqpl0,2972,GIF,6MBfFuBeqDJGlWqpl0
https://giphy.com/gifs/R7UaBjJ9CeDCMkXSCN,18019,GIF,R7UaBjJ9CeDCMkXSCN
https://giphy.com/gifs/VOqUu80JsbpqYCbTOw,1148,GIF,VOqUu80JsbpqYCbTOw
https://giphy.com/stickers/3wragmb9kxztfjlMKI,20205,STICKER,3wragmb9kxztfjlMKI
https://giphy.com/gifs/J2wyX7umUDGOEdq1Yf,3866,GIF,J2wyX7umUDGOEdq1Yf
https://giphy.com/gifs/ZtyHXam2l7pb8PfNqi,1701,GIF,ZtyHXam2l7pb8PfNqi
https://giphy.com/gifs/WFl449DcJUsQWsyWjZ,901,GIF,WFl449DcJUsQWsyWjZ
https://giphy.com/gifs/7pB2ppBqEaqpTD90Px,1506,GIF,7pB2ppBqEaqpTD90Px
https://giphy.com/gifs/8OvT6niijrQSKQpzd1,1181,GIF,8OvT6niijrQSKQpzd1
https://giphy.com/gifs/W3AovcnKRrF1mlltaY,3225,GIF,W3AovcnKRrF1mlltaY
https://giphy.com/gifs/gvujuely6vskbBmFva,4534,GIF,gvujuely6vskbBmFva
https://giphy.com/gifs/pqFO3XGnlM8NSrwgoS,1896,GIF,pqFO3XGnlM8NSrwgoS
https://giphy.com/gifs/zY4eugtMh10sYeG4Jj,3807,GIF,zY4eugtMh10sYeG4Jj
https://giphy.com/gifs/zftjhA0lhLvPd5g9gW,534,GIF,zftjhA0lhLvPd5g9gW
https://giphy.com/gifs/XWaBtfUjOqEjanrrim,5229,GIF,XWaBtfUjOqEjanrrim
https://giphy.com/gifs/d1E5AHjxj3PyQ9Eena,3175,GIF,d1E5AHjxj3PyQ9Eena
https://giphy.com/gifs/lFI42bt64iY0s7Mijy,168,GIF,lFI42bt64iY0s7Mijy
https://giphy.com/gifs/OwK9uO7M7jbuZY1Tcc,3015,GIF,OwK9uO7M7jbuZY1Tcc
https://giphy.com/gifs/qRsVmfbaU1OSV5R7hu,448,GIF,qRsVmfbaU1OSV5R7hu
https://giphy.com/stickers/H6SNaBdglMF0SvI00o,26,STICKER,H6SNaBdglMF0SvI00o
https://giphy.com/stickers/UVfRcoPQrmHZcTr1cg,103,STICKER,UVfRcoPQrmHZcTr1cg
https://giphy.com/gifs/UdZP6EabaMh6Gshi6c,348,GIF,UdZP6EabaMh6Gshi6c
https://giphy.com/gifs/mP9VfSpVo0tIaWryi9,1353,GIF,mP9VfSpVo0tIaWryi9
https://giphy.com/gifs/ty8ejmS8VuDHlCTfFe,194,GIF,ty8ejmS8VuDHlCTfFe
https://giphy.com/stickers/BwdU7gF3gdtxTSFEW8,29,STICKER,BwdU7gF3gdtxTSFEW8
https://giphy.com/stickers/Dd1ZsK9eGc55bRji2J,15,STICKER,Dd1ZsK9eGc55bRji2J
https://giphy.com/stickers/Dq5iQXoEt4xJh10GXN,16,STICKER,Dq5iQXoEt4xJh10GXN
https://giphy.com/stickers/KGscKhrvorBBwkITYH,13,STICKER,KGscKhrvorBBwkITYH
https://giphy.com/stickers/cHOlYbdQo9KHaVlXMT,16,STICKER,cHOlYbdQo9KHaVlXMT
https://giphy.com/gifs/km2F3VxLSCy7nqdUiR,80,GIF,km2F3VxLSCy7nqdUiR
https://giphy.com/stickers/phOkPkxih7oxjuuHkV,13,STICKER,phOkPkxih7oxjuuHkV
https://giphy.com/stickers/ACmeMLVg7vvk8cJMMV,8,STICKER,ACmeMLVg7vvk8cJMMV
https://giphy.com/stickers/B9hawUTW6HjOPZeIou,20,STICKER,B9hawUTW6HjOPZeIou
https://giphy.com/stickers/bx80h2cdBOuA0XgsbV,24,STICKER,bx80h2cdBOuA0XgsbV
https://giphy.com/stickers/K1E7eoUxpcotZrvzUb,8,STICKER,K1E7eoUxpcotZrvzUb
https://giphy.com/stickers/LyZCV8D3i2tBi5wErk,7,STICKER,LyZCV8D3i2tBi5wErk
